release_year,Annual,Inflation_Rate
2000,2.4,1
2001,2.6,1.026
2002,2.4,1.050624
2003,1.4,1.065332736
2004,1.8,1.084508725
2005,2.2,1.108367917
2006,2.5,1.136077115
2007,2.3,1.162206889
2008,2.3,1.188937647
2009,1.7,1.209149587
2010,1,1.221241083
2011,1.7,1.242002182
2012,2.1,1.268084227
2013,1.8,1.290909743
2014,1.7,1.312855209
2015,1.8,1.336486603
2016,2.2,1.365889308
2017,1.8,1.390475316
2018,2.1,1.419675297
2019,2.2,1.450908154
2020,1.7,1.475573592
2021,3.6,1.528694242
